title,images,url
于文文 Kelly,dddddddddddddddd,http://www.meinv.hk/?p=2707
曹璐 Cao Lu 차오루,dddddddddddddddd,http://www.meinv.hk/?p=2589
张予馨,dddddddddddddddd,http://www.meinv.hk/?p=2602
郭雪芙 Puff Kuo,dddddddddddddddd,http://www.meinv.hk/?p=2630
杨凯迪 Cady,dddddddddddddddd,http://www.meinv.hk/?p=2668
王棠云 Sarah,dddddddddddddddd,http://www.meinv.hk/?p=2639
梁缘 Lyna,dddddddddddddddd,http://www.meinv.hk/?p=2647
孙文婷,dddddddddddddddd,http://www.meinv.hk/?p=2691
徐小飒,dddddddddddddddd,http://www.meinv.hk/?p=2701
王姿允,dddddddddddddddd,http://www.meinv.hk/?p=2697
